{
  "pal5":
    { "ra": 229.018,
      "dec": -0.124,
      "distance": 23.2,
      "pmra": -2.296,
      "pmdec": -2.257,
      "vlos": -58.7,
      "ro": 8.0,
      "vo": 220.0,
      "zo": 0.025,
      "solarmotion": [-11.1,24.0,7.25],
      "source": "2016ApJ...833...31B"
    },
  "gd1":
    { "ra": 148.9363998668805,
      "dec": 36.15980426805254,
      "distance": 7.555339165941959,
      "pmra": -5.332929760383195,
      "pmdec": -12.198914465325117,
      "vlos": 6.944006091929623,
      "ro": 8.0,
      "vo": 220.0,
      "zo": 0.025,
      "solarmotion": [-11.1,24.0,7.25],
      "source": "arXiv:1811.07022"
    },
  "sgr":
    { "ra": 283.8313,
      "dec": -30.5453,
      "distance": 20,
      "pmra": -2.692,
      "pmdec": -1.359,
      "vlos": 140,
      "ro": 8.0,
      "vo": 220.0,
      "zo": 0.025,
      "solarmotion": [-11.1,24.0,7.25],
      "source": ""
    },
  "ngc1851":
    { "ra": 78.528,
      "dec": -40.047,
      "distance": 12.1,
      "pmra": 2.120,
      "pmdec": -0.589,
      "vlos": 320.3,
      "ro": 8.0,
      "vo": 220.0,
      "zo": 0.025,
      "solarmotion": [-11.1,24.0,7.25],
      "source": ""
    }
}
